timestamp,x,y,reference_x,reference_y,error,linear,angular,index,distance,state,actual_speed,actual_angular
16.37,4.99935116151977,4.9993178932225595,4.999354494742531,4.999321879473917,5.196207641985093e-06,0.0,0.0,0,0.0,tracking,0.00025372065300479995,1.193289375545058e-05
16.43,4.999348661487186,4.99931490394059,4.999354494742531,4.999321879473917,9.093125596297462e-06,0.2,1.6325289080009012e-05,0,3.896917963263544e-06,tracking,0.0002537138452836491,1.189356349833221e-05
16.49,4.999346161355152,4.9993119150071,4.999354494742531,4.999321879473917,1.2989840035399685e-05,0.2,3.265383817294568e-05,0,7.793632424776798e-06,tracking,0.0002537070367527386,1.185421497524902e-05
16.53,4.999344494545019,4.999309922578376,4.999354494742531,4.999321879473917,1.5587536728423352e-05,0.2,3.918617148844913e-05,0,1.0391329143444389e-05,tracking,0.00025370249789999024,1.182797159982527e-05
16.59,4.999654101846225,4.999306877209353,4.999354494742531,4.999321879473917,0.0002999824736984485,0.2,7.880387467846327e-05,0,0.00032001360746454656,tracking,0.013657081461664767,-0.000996182611484881
16.65,5.001002466394167,4.999305523476824,4.999354494742531,4.999321879473917,0.0016480528156694577,0.2,0.0001354052176704966,0,0.0016683788349666096,tracking,0.03168741679964619,-0.0017222516108683092
16.69,5.002500855102711,4.99930375706549,4.999354494742531,4.999321879473917,0.0031464125504770185,0.2,0.00023517210988148232,0,0.003166768584698594,tracking,0.043690159764829,-0.0017952373062689094
16.75,5.00564847223103,4.999297748753816,4.999354494742531,4.999321879473917,0.006294023746172976,0.2,0.0003003510389672836,0,0.006314391447479093,tracking,0.061687707803652375,-0.0015236810348824145
16.81,5.0098765612028995,4.999286372618871,4.999354494742531,4.999321879473917,0.010522126369378519,0.2,0.00038902139694171726,0,0.0105424957236872,tracking,0.07967571631366373,-0.0010948517646665917
16.85,5.013295685366992,4.999275371699215,4.999354494742531,4.999321879473917,0.013941268199151372,0.2,0.00043875104563056365,0,0.013961637585282568,tracking,0.09166613619335894,-0.0007876883342308989
16.91,5.019325030432993,4.999253484722323,4.999354494742531,4.999321879473917,0.019970652808711114,0.2,0.0004979868029124082,0,0.019991022376840722,tracking,0.10964890374319111,-0.000280599305578965
16.95,5.023945008356093,4.999235346073739,4.999354494742531,4.999321879473917,0.0245906658675225,0.2,0.0005267558923651883,0,0.024611035907178228,tracking,0.1216383434726586,1.0415382416148101e-05
17.01,5.031775484914595,4.999203173571737,4.999354494742531,4.999321879473917,0.032421207485661484,0.2,0.0005561992757741375,0,0.03244157855779561,tracking,0.13962471233317203,0.0003725567460112238
17.07,5.040686387725919,4.999165740904579,4.999354494742531,4.999321879473917,0.04133218790292965,0.2,0.0005684633824325866,0,0.04135255999181435,tracking,0.15761731936099121,0.000563675277722013
17.11,5.04722712012584,4.9991383205108,4.999354494742531,4.999321879473917,0.04787297729391425,0.2,0.0005805398336295862,0,0.04789334986807364,tracking,0.16961706327242299,0.0005941136463800615
17.17,5.057938278631686,4.999094220295429,5.099354134751852,4.999053555032096,0.04141587608429859,0.2,0.0005872343102779565,1,0.05860459915871858,tracking,0.1876245434199516,0.0004639650526898197
17.23,5.06967328672051,4.999047682395239,5.099354134751852,4.999053555032096,0.029680848612320367,0.2,0.0006006050359359804,1,0.07033969952560645,tracking,0.19998636684499232,0.0002714050064127135
17.27,5.077670680795801,4.999016779555437,5.099354134751852,4.999053555032096,0.021683485141919912,0.2,0.000611529205394744,1,0.0783371533067176,tracking,0.20002685999216813,0.0006654174525329793
17.33,5.089668496106167,4.998971105507062,5.099354134751852,4.999053555032096,0.009685989567357795,0.2,0.0006021314010096479,1,0.09033505555420845,tracking,0.20003346592784446,0.0004745455198976305
17.39,5.101665885688482,4.998927514298456,5.099354134751852,4.999053555032096,0.0023151843683702116,0.2,0.0005954069864993194,1,0.10233252432821681,tracking,0.20005004567124748,8.619504918896305e-05
17.43,5.109663843068597,4.9988996116411455,5.099354134751852,4.999053555032096,0.0103108575852818,0.2,0.0006724524985266689,1,0.11033053038050324,tracking,0.20006034892212562,-7.62986217577223e-05
17.49,5.121660399736071,4.998858769281585,5.099354134751852,4.999053555032096,0.022307115435098154,0.2,0.0006893449804170865,1,0.12232715657182326,tracking,0.2000693444623317,-0.0002842644650288873
17.55,5.1336566843071445,4.998818149172086,5.099354134751852,4.999053555032096,0.0343033572979702,0.2,0.0007031674937836995,1,0.1343235099137129,tracking,0.20007120306221782,-0.00030820784160853055
17.59,5.141654170676712,4.998790703359247,5.099354134751852,4.999053555032096,0.04230085259479207,0.2,0.0007232945173119905,1,0.14232104337747892,tracking,0.20006825928628122,-0.000246304677340349
17.65,5.153650496508504,4.998748461688845,5.199353774761174,4.998785230590276,0.04570329304320462,0.2,0.0007339823123910049,2,0.15431744358009186,tracking,0.20006016071592211,-3.8439317476369354e-05
17.81,5.185642341758659,4.998627446694409,5.199353774761174,4.998785230590276,0.01371234081913951,0.2,0.0007433604553501391,2,0.18630951771008122,tracking,0.20002329550098322,0.0008101634529934221
18.05,5.232131917730318,4.998431053172971,5.199353774761174,4.998785230590276,0.03278005640856351,0.2,0.0006322187416679713,2,0.23279950850853073,tracking,0.17801785114168905,0.0027113504549988654
18.13,5.247317779081294,4.998376880649353,5.199353774761174,4.998785230590276,0.04796574256794947,0.2,0.0005607657776360282,2,0.24798546648402195,tracking,0.1997300349491237,0.0008136325725771347
18.19,5.259313185930508,4.998336381546785,5.299353414770496,4.9985169061484545,0.040040635792784635,0.2,0.0005274836542187656,3,0.25998094169993025,tracking,0.1999715533127065,0.0010204556051696563
18.25,5.271311026776512,4.998295380879403,5.299353414770496,4.9985169061484545,0.02804326296724315,0.2,0.0004946585862738805,3,0.2719788526022823,tracking,0.1999708064264367,0.0010369362445209745
18.31,5.283308896059348,4.998255618023509,5.299353414770496,4.9985169061484545,0.016046646134211598,0.2,0.0004605272293560435,3,0.28397678777516633,tracking,0.1999700480649522,0.0008533342687998515
18.35,5.291307467148563,4.998230168861365,5.299353414770496,4.9985169061484545,0.008051055297704557,0.2,0.0004407173408209879,3,0.29197539935025085,tracking,0.19996915790293307,0.0006850090787814748
18.41,5.30330529567874,4.99819371311418,5.299353414770496,4.9985169061484545,0.003965074583201005,0.2,0.00041716881461591735,3,0.3039732832662183,tracking,0.19996783588990424,0.00041310924625658825
18.47,5.315303084771181,4.9981592349243265,5.299353414770496,4.9985169061484545,0.015953679883817556,0.2,0.00042288790733239297,3,0.31597112189875026,tracking,0.19996650855687997,0.00016718874491056896
18.51,5.323301586686101,4.9981372164499165,5.299353414770496,4.9985169061484545,0.023951181648648484,0.2,0.00041593134966447167,3,0.323969654120114,tracking,0.19996567595120365,6.572689024840067e-06
18.57,5.335299299452225,4.99810533930507,5.299353414770496,4.9985169061484545,0.03594824074720081,0.2,0.0004121357667069487,3,0.3359674092339162,tracking,0.19996433609097297,-0.00019046473974809793
18.63,5.3472969611086185,4.998074383258121,5.299353414770496,4.9985169061484545,0.04794558855603042,0.2,0.00041339677673097176,3,0.3479651108262272,tracking,0.1999630894321483,-0.0003168221302575651
18.67,5.355295377623616,4.998053970002226,5.399353054779818,4.998248581706634,0.044058106973809005,0.2,0.00042458114531524616,4,0.3559635533901517,tracking,0.19996237447108717,-0.000351341248550262
18.73,5.367292975769139,4.998023244473575,5.399353054779818,4.998248581706634,0.032060870902699226,0.2,0.00043280397352823567,4,0.36796119087923995,tracking,0.19996162146443075,-0.00033502432053518976
18.79,5.3792905642959346,4.997991924708211,5.399353054779818,4.998248581706634,0.020064132107587885,0.2,0.0004372578832726075,4,0.37995882028616834,tracking,0.1999613816547567,-0.00023280631633890403
18.83,5.387288964764267,4.99797050301006,5.399353054779818,4.998248581706634,0.012067294463332967,0.2,0.00044090852183451484,4,0.3879572494407574,tracking,0.19996148411180373,-0.0001326191453121981
18.89,5.399286594180799,4.997937337388841,5.399353054779818,4.998248581706634,0.00031826095673312415,0.2,0.0004405872302858693,4,0.3999549246978582,tracking,0.1999619221056293,6.427372166176444e-05
18.95,5.411284273985211,4.997902791844866,5.399353054779818,4.998248581706634,0.011936228983881069,0.2,0.00046118326461373483,4,0.4119526542365585,tracking,0.19996263110175375,0.00031528007926358683
18.99,5.419282759321484,4.997878982989092,5.399353054779818,4.998248581706634,0.019933131372920798,0.2,0.0004526171208449985,4,0.4199511750083131,tracking,0.19996319562596174,0.00047700618757873616
19.05,5.431280540406609,4.997842158438554,5.399353054779818,4.998248581706634,0.03193007231939552,0.2,0.00043330504455855497,4,0.43194901260573526,tracking,0.19996414363040277,0.0007065940392112573
19.11,5.443278386989822,4.9978042105322436,5.399353054779818,4.998248581706634,0.04392757989577685,0.2,0.00041661046464094506,4,0.44394691920138335,tracking,0.19996503710088476,0.0009223439197156664
19.15,5.45127698429944,4.997778468809595,5.499352694789139,4.997980257264813,0.048076133971753685,0.2,0.000386426622749831,5,0.45194555793292507,tracking,0.19996552983698843,0.0010245896022024739
19.21,5.463274917701632,4.997739554621487,5.499352694789139,4.997980257264813,0.03607858003495071,0.2,0.0003638318351789578,5,0.4639435544422374,tracking,0.19996602227972304,0.0011442158103000693
19.25,5.471273556035218,4.99771366304271,5.499352694789139,4.997980257264813,0.028080404299817667,0.2,0.00032756645193771024,5,0.4719422346812117,tracking,0.1999661324273159,0.0011597061908223954
19.31,5.483271518679749,4.997675342530149,5.499352694789139,4.997980257264813,0.01608406658953605,0.2,0.0003031803574148411,5,0.4839402585218802,tracking,0.19996588640598192,0.0011365818593517556
19.37,5.495269467369403,4.997638134388134,5.499352694789139,4.997980257264813,0.004097535140060568,0.2,0.00026789293322642126,5,0.49593826490650106,tracking,0.19996531198167178,0.0010188990808247577
19.41,5.503268083312876,4.997614168439974,5.499352694789139,4.997980257264813,0.003932465933670882,0.2,0.00024651393691528577,5,0.503936916754022,tracking,0.19996482452983552,0.0009007303189074467
19.47,5.515265974805402,4.997579702364771,5.499352694789139,4.997980257264813,0.015918320423459892,0.2,0.0002083609888055449,5,0.5159348577514086,tracking,0.19996400931415403,0.0006701681209232091
19.53,5.527263823008772,4.997547159126164,5.499352694789139,4.997980257264813,0.02791448821831557,0.2,0.0001913484287406227,5,0.5279327500902106,tracking,0.19996313303374277,0.0004175942783827466
19.57,5.535262539365884,4.997524235440558,5.499352694789139,4.997980257264813,0.03591273998778372,0.2,0.00016779725808267358,5,0.535931499295986,tracking,0.20001514108945137,0.00035495281933758244
19.63,5.547260034174472,4.997492087356092,5.499352694789139,4.997980257264813,0.04790982651650103,0.2,0.00017384778908505655,5,0.5479290371759608,tracking,0.20003478579416784,-8.354678895196836e-05
19.69,5.5592570178837075,4.997461908778424,5.599352334798461,4.997711932822993,0.04009609644987088,0.2,0.00018545598458926605,6,0.5599260588424503,tracking,0.20005109764700713,-0.00042229918030964363
19.73,5.56725478169663,4.997442553364535,5.599352334798461,4.997711932822993,0.03209868346860133,0.2,0.00021165265199476119,6,0.5679238460763884,tracking,0.20005970094578507,-0.0006072356111718502
19.79,5.579251168219854,4.997414146725196,5.599352334798461,4.997711932822993,0.020103372214156603,0.2,0.00023328807178935786,6,0.5799202662320744,tracking,0.2000701088652602,-0.0007828692605057536
19.85,5.591247348790336,4.997385818827972,5.599352334798461,4.997711932822993,0.008111544151987353,0.2,0.00026944896769590413,6,0.5919164802493955,tracking,0.20007451133543191,-0.0008364878470860438
19.89,5.599244759743738,4.997366601520769,5.599352334798461,4.997711932822993,0.00036169890889306636,0.2,0.00029409781598312146,6,0.5999139142917921,tracking,0.20007515467297748,-0.0008262608565504333
19.95,5.611240902305632,4.997336771458429,5.599352334798461,4.997711932822993,0.011894485420649468,0.2,0.00033638701306806427,6,0.6119100939419106,tracking,0.2000707566870417,-0.0006801489598373026
20.01,5.623237216467,4.997305274409912,5.599352334798461,4.997711932822993,0.023888343253249605,0.2,0.0003601755466191404,6,0.6239064494519104,tracking,0.20006202318462066,-0.0004617980437995843
20.05,5.631234914083315,4.997283173641752,5.599352334798461,4.997711932822993,0.031885462146415834,0.2,0.00038876258590447735,6,0.6319041776047021,tracking,0.20005461538816643,-0.00026275417775061986
20.11,5.643231771081975,4.997248262710281,5.599352334798461,4.997711932822993,0.04388188599561833,0.2,0.00040189156826146976,6,0.6439010853987731,tracking,0.2000408150318964,6.187826257081814e-05
20.17,5.6552290709515844,4.99721125910876,5.699351974807782,4.997443608381172,0.04412351562248471,0.2,0.0004117473981519789,7,0.6558984423338589,tracking,0.2000256021770989,0.0004173127695246043
20.21,5.663227537676213,4.997185519292898,5.699351974807782,4.997443608381172,0.036125359071574395,0.2,0.00041143946486552036,7,0.6638969504749505,tracking,0.20001517195682944,0.0006531790571624973
20.27,5.675225629828123,4.997145567966845,5.699351974807782,4.997443608381172,0.024128185803455802,0.2,0.00040087719304044003,7,0.6758951091417703,tracking,0.20000010709059723,0.0009801499314154496
20.31,5.683224597073285,4.997118257522999,5.699351974807782,4.997443608381172,0.01613065918591252,0.2,0.00038767060104089425,7,0.6838941230090865,tracking,0.19999119295858286,0.0011641980233007881
20.37,5.695223341661007,4.997076741779995,5.699351974807782,4.997443608381172,0.004144900814700635,0.2,0.00036008383016260454,7,0.6958929394189792,tracking,0.19998073395631502,0.0013646182956892955
20.43,5.707222314571164,4.997035196737471,5.699351974807782,4.997443608381172,0.007880929390736464,0.2,0.00033795731133801657,7,0.707891984251349,tracking,0.19997508037859046,0.0014620288619705817
20.47,5.715221683865641,4.997007829967375,5.699351974807782,4.997443608381172,0.01587569111588606,0.2,0.0002711078380192325,7,0.7158914003581368,tracking,0.19997407733643238,0.001439376119216607
20.53,5.727220707757479,4.996967757406904,5.699351974807782,4.997443608381172,0.027872795166097853,0.2,0.00023103821757714083,7,0.7278904911639856,tracking,0.19997708948928486,0.0013350561269874707
20.59,5.739219562911426,4.9969292894127415,5.699351974807782,4.997443608381172,0.03987090549765721,0.2,0.00020804070446975894,7,0.739889407981431,tracking,0.19998430429562242,0.0011129309778404952
20.63,5.747218640891299,4.996904706150275,5.699351974807782,4.997443608381172,0.04786969957671973,0.2,0.00018107326444048263,7,0.7478885237366182,tracking,0.19999168771247736,0.0009323432015140976
20.69,5.759216951493903,4.996869551021904,5.799351614817104,4.9971752839393515,0.040135827793674576,0.2,0.00016911993200786142,8,0.7598868858414888,tracking,0.20000449034353315,0.000606173913523926
20.75,5.77121482409609,4.996836479897472,5.799351614817104,4.9971752839393515,0.028138830470666863,0.2,0.00016097771208663909,8,0.7718848040224725,tracking,0.20001923317219852,0.0002548420745729505
20.79,5.779213140830756,4.996815530401797,5.799351614817104,4.9971752839393515,0.02014168704718075,0.2,0.00016225074763371756,8,0.7798831481929505,tracking,0.20002957547924383,2.2431790460381916e-05
20.85,5.7912102162942585,4.9967855473442775,5.799351614817104,4.9971752839393515,0.008150721717818898,0.2,0.00017385492105394053,8,0.791880261123181,tracking,0.20004444204507726,-0.0003025118426864608
20.91,5.803206845032085,4.9967569017243365,5.799351614817104,4.9971752839393515,0.003877865867760702,0.2,0.00018740219106531706,8,0.8038769240610474,tracking,0.20005722807395201,-0.0005777702049864
20.95,5.811204390229473,4.9967382578690565,5.799351614817104,4.9971752839393515,0.01186082951408462,0.2,0.0001979666422131314,8,0.811874490989658,tracking,0.20006395342565614,-0.0007182849299350664
21.01,5.823200484193601,4.996710458133972,5.799351614817104,4.9971752839393515,0.023853398784378053,0.2,0.00022321001225798393,8,0.8238706171652806,tracking,0.200070210181601,-0.0008325828966789283
21.07,5.835196444077167,4.996682225399736,5.799351614817104,4.9971752839393515,0.035848220198589714,0.2,0.00026426981405963386,8,0.8358666102719564,tracking,0.20007149381190534,-0.0008169186922674506
21.11,5.843193759294774,4.996662831533584,5.799351614817104,4.9971752839393515,0.043845139295811394,0.2,0.00029149700532138574,8,0.8438639490050486,tracking,0.20006958275652323,-0.0007415111341475825
21.17,5.855189861574441,4.996632492081024,5.899351254826426,4.99690695949753,0.044162246164786034,0.2,0.00032924605860059253,9,0.8558600896505487,tracking,0.20006293375282397,-0.0005460100443685716
21.23,5.867186255247453,4.996600333867054,5.899351254826426,4.99690695949753,0.03216646106105882,0.2,0.00035066965021859957,9,0.8678565264260498,tracking,0.20005257611439659,-0.0002803045094503842
21.27,5.875184075538793,4.996577790619538,5.899351254826426,4.99690695949753,0.02416942090474732,0.2,0.0003752797706256376,9,0.8758543784883589,tracking,0.20004425928460184,-5.854154941664225e-05
21.33,5.887181197585747,4.996542296931532,5.899351254826426,4.99690695949753,0.012175519374073806,0.2,0.00038576191442830227,9,0.8878515530395353,tracking,0.20003004693421286,0.00028495229504574954
21.37,5.8951795653727235,4.996517570583748,5.899351254826426,4.99690695949753,0.004189822982455128,0.2,0.0003894895103090417,9,0.8958499590462357,tracking,0.20002016643223888,0.0005231583553414736
21.43,5.907177548960996,4.996479089054239,5.899351254826426,4.99690695949753,0.007837981436380294,0.2,0.000382972525000693,9,0.9078480043458902,tracking,0.20000531441472205,0.0008628937732135818
21.49,5.919176006282639,4.996439329670365,5.899351254826426,4.99690695949753,0.019830265957769204,0.2,0.0003661787956241874,9,0.9198465275428462,tracking,0.19999207603985897,0.0011569004929330223
21.53,5.92717519432297,4.996412393921456,5.899351254826426,4.99690695949753,0.027828334557001327,0.2,0.0003332121070130994,9,0.9278457609335627,tracking,0.19998483223749428,0.0013003491678875094
21.59,5.939174195449299,4.996371846029487,5.899351254826426,4.99690695949753,0.03982653570518714,0.2,0.0003078512182637267,9,0.9398448305708796,tracking,0.19997755393835187,0.001422731170891856
21.65,5.951173326596419,4.99633174919836,5.9993508948357475,4.99663863505571,0.048178545644141084,0.2,0.0002677736768177823,10,0.9518440287124913,tracking,0.19997476079824528,0.0014037736248959356
21.69,5.9591727283099205,4.996305589569066,5.9993508948357475,4.99663863505571,0.04017954684504612,0.2,0.00024171920944011978,10,0.9598434731994651,tracking,0.1999766266070216,0.0013578753205804536
21.75,5.971171698245502,4.996267607670576,5.9993508948357475,4.99663863505571,0.028181639089879133,0.2,0.00020639852878677354,10,0.9718425032494153,tracking,0.19998210829055463,0.001158470029287295
21.81,5.9831703924096145,4.996231466390651,5.9993508948357475,4.99663863505571,0.01618562464299422,0.2,0.00018687077474986548,10,0.9838412518439986,tracking,0.1999923991711871,0.0008999058798307199
21.85,5.991169320458933,4.996208514593005,5.9993508948357475,4.99663863505571,0.008192872688854559,0.2,0.00016533210087107738,10,0.9918402128217254,tracking,0.20000054638948006,0.0006902674530545315
21.91,6.003167358772282,4.996175849807683,5.9993508948357475,4.99663863505571,0.0038444202637923364,0.2,0.00015450577509958837,10,1.0038382956001017,tracking,0.20001499296729333,0.0003502477634127696
21.97,6.015164927322811,4.996145234029285,5.9993508948357475,4.99663863505571,0.0158217277209152,0.2,0.00012249382761266185,10,1.0158359032137279,tracking,0.20003005788567546,-2.609914596808263e-05
22.01,6.023163039880577,4.996125855998697,5.9993508948357475,4.99663863505571,0.023817665586646546,0.2,0.0001321507477549561,10,1.0238340392462526,tracking,0.20004029983014326,-0.00024600589302732113
22.07,6.035159835158376,4.996098062091206,5.9993508948357475,4.99663863505571,0.035813020343997144,0.2,0.0001454642727984923,10,1.0358308667201608,tracking,0.2000541825407929,-0.000542766724112231
22.13,6.047156251619512,4.996071302665295,5.9993508948357475,4.99663863505571,0.0478087230875731,0.2,0.0001740683537037573,10,1.0478273130262916,tracking,0.20006497542509105,-0.000752960942361041
22.17,6.055153707378848,4.996053702074905,6.099350534845069,4.996370310613889,0.044197961480659756,0.2,0.0001973240911808899,11,1.055824788153062,tracking,0.20006977455630864,-0.0008339468738018266
22.23,6.067149760465443,4.9960271056602865,6.099350534845069,4.996370310613889,0.03220260331538027,0.2,0.00023607102534061426,11,1.0678208707230383,tracking,0.20007263120129554,-0.0008556477015986857
22.29,6.079145793252217,4.99599962299113,6.099350534845069,4.996370310613889,0.02020814172920354,0.2,0.00026236840311381714,11,1.0798169349908915,tracking,0.20007014650195323,-0.0007710429366850862
22.33,6.087143215397647,4.995980507783646,6.099350534845069,4.996370310613889,0.012213541433093113,0.2,0.0003219732068459269,11,1.0878143799805966,tracking,0.2000660028981655,-0.0006368917815962453
22.39,6.099139540901472,4.995950299365574,6.099350534845069,4.996370310613889,0.0004700296724100197,0.2,0.0003485677456523325,11,1.0998107435188635,tracking,0.2000561806248318,-0.00039139130522253734
22.43,6.10713727290124,4.99592902793464,6.099350534845069,4.996370310613889,0.007799232010809096,0.2,0.0003634707397289582,11,1.107808503806212,tracking,0.20004803039653812,-0.00017732066247682228
22.49,6.1191342219565135,4.99589534506347,6.099350534845069,4.996370310613889,0.01978938776207138,0.2,0.00037443029353679614,11,1.1198055001457394,tracking,0.20003379444234556,0.000162876411126812
22.55,6.131131644187295,4.995859617294097,6.099350534845069,4.996370310613889,0.031785212264344456,0.2,0.00037448104251324734,11,1.1318029755742272,tracking,0.20001855899906906,0.0005234424159764941
22.59,6.139130198400706,4.995834785096052,6.099350534845069,4.996370310613889,0.03978326809325695,0.2,0.0003639836072643994,11,1.1398015683343903,tracking,0.20000828859936737,0.0007557495870296315
22.65,6.151128416213986,4.9957963265697405,6.19935017485439,4.996101986172069,0.04822272736133791,0.2,0.00035054529731642166,12,1.1517998477840925,tracking,0.19999378214833877,0.0010564755092218085
22.71,6.163127026530205,4.995756924596712,6.19935017485439,4.996101986172069,0.03622479181453953,0.2,0.000322279321347741,12,1.1637985227957743,tracking,0.19998237487406595,0.0012766075191894728
22.75,6.171126262693565,4.9957304640861615,6.19935017485439,4.996101986172069,0.02822635729814102,0.2,0.0002996239606730985,12,1.1717978027231066,tracking,0.19997694820943154,0.001374010044191966
22.81,6.18312525790345,4.99569101811586,6.19935017485439,4.996101986172069,0.01623012091169176,0.2,0.0002625178892078036,12,1.1837968627709363,tracking,0.19997353370879578,0.001404052798900185
22.87,6.195124284323157,4.995652465103275,6.19935017485439,4.996101986172069,0.004249731753094453,0.2,0.0002377642660543313,12,1.195795951126124,tracking,0.1999755593127859,0.001331980385435977
22.91,6.203123583977373,4.995627542750573,6.19935017485439,4.996101986172069,0.003803118847683743,0.2,0.0002031894198364564,12,1.2037952896038735,tracking,0.19997936764762222,0.0012080015034791728
22.97,6.215122357881613,4.995591622501177,6.19935017485439,4.996101986172069,0.015780438159974586,0.2,0.00015513891735363685,12,1.2157941172745002,tracking,0.19998879782687462,0.0009477569356708492
23.03,6.227120818440766,4.995557683263069,6.19935017485439,4.996101986172069,0.02777597722598162,0.2,0.0001289095291576372,12,1.2277926258343765,tracking,0.20000150397685937,0.0006367287298016751
23.07,6.235119572074614,4.995536210510296,6.19935017485439,4.996101986172069,0.035773871465045855,0.2,0.00011800439328162252,12,1.2357914082901078,tracking,0.2000111155651382,0.00040944308099683104
23.13,6.247117330712801,4.995505692749788,6.19935017485439,4.996101986172069,0.04777087757878412,0.2,0.00011185666718387566,12,1.2477892057410525,tracking,0.20002634858083052,5.915772761018276e-05
23.19,6.259114611959364,4.9954770198131815,6.299349814863712,4.995833661730248,0.040236783497330245,0.2,0.00011473780994896301,13,1.25978652125105,tracking,0.20004139965974888,-0.00027960895542966674
23.23,6.2671125410126125,4.995458754310701,6.299349814863712,4.995833661730248,0.032239453793822405,0.2,0.00014458052728843246,13,1.2677844711614565,tracking,0.20005074970276168,-0.00047591706196292537
23.29,6.279109088133771,4.995432235465254,6.299349814863712,4.995833661730248,0.02024470700213649,0.2,0.0001751672974846896,13,1.279781047593062,tracking,0.20006219700577232,-0.0007207051468932629
23.35,6.291105305094503,4.995406184438464,6.299349814863712,4.995833661730248,0.008255584665519827,0.2,0.00019885589272883444,13,1.291777292840011,tracking,0.2000700238818811,-0.0008448511856336968
23.39,6.299102660592354,4.9953887105280375,6.299349814863712,4.995833661730248,0.0005089860569789145,0.2,0.000236841489928008,13,1.2997746674277457,tracking,0.20007156571521587,-0.0008826547501798157
23.45,6.311098630337443,4.995361809813473,6.299349814863712,4.995833661730248,0.0117582868338524,0.2,0.00026186193741726133,13,1.3117706673349456,tracking,0.20007091589920709,-0.0008066232587276853
23.51,6.3230946639135786,4.995333539736925,6.299349814863712,4.995833661730248,0.023750115334649578,0.2,0.00029653640851164765,13,1.32376673422193,tracking,0.20006469659224108,-0.0006288370815218745
23.55,6.331092131136449,4.995313711171707,6.299349814863712,4.995833661730248,0.0317465744757101,0.2,0.0003161823299885905,13,1.331764226025795,tracking,0.20005862776303301,-0.0004762001816275556
23.61,6.343088608424964,4.995282301886944,6.299349814863712,4.995833661730248,0.043742268572521434,0.2,0.000338953308926929,13,1.3437607444322748,tracking,0.2000466482012015,-0.00017167994065289137
23.67,6.355085512320311,4.995248823027111,6.399349454873034,4.995565337288427,0.04426507417353293,0.2,0.0003488025290776616,14,1.355757695041003,tracking,0.20003261818306778,0.00016319307776133105
23.71,6.363083719782783,4.99522538792462,6.399349454873034,4.995565337288427,0.0362673283715002,0.2,0.00035507962713563434,14,1.3637559368363459,tracking,0.20002273299584833,0.000400291250827841
23.77,6.375081468131307,4.995188743232785,6.399349454873034,4.995565337288427,0.024270908585782396,0.2,0.0003534928015355032,14,1.375753741146633,tracking,0.20000779521314113,0.0007453892535386276
23.83,6.3870797160069825,4.995150665686493,6.399349454873034,4.995565337288427,0.01227674404630771,0.2,0.0003429132567645109,14,1.3877520494434592,tracking,0.19999414766990692,0.0010494589841380368
23.87,6.395078792480542,4.995124752485928,6.399349454873034,4.995565337288427,0.004293328806280547,0.2,0.00033104775616332553,14,1.395751167890127,tracking,0.19998656120378228,0.0012109910572039857
23.93,6.407077685724217,4.995085571896171,6.399349454873034,4.995565337288427,0.0077431083500607584,0.2,0.00030755555804907786,14,1.4077501251028068,tracking,0.1999784580513843,0.0013697240960669189
23.97,6.415077068398901,4.995059550391615,6.399349454873034,4.995565337288427,0.015735744265970037,0.2,0.0002894292533019153,14,1.4157495501005632,tracking,0.1999757388779901,0.0014105285721571319
24.03,6.427076201548723,4.99502116869396,6.399349454873034,4.995565337288427,0.027732086121981924,0.2,0.000260762330864631,14,1.4277487446361092,tracking,0.1999759987470963,0.0013721074286016874
24.09,6.439075262151101,4.994984083909312,6.399349454873034,4.995565337288427,0.03973005939316989,0.2,0.00024219445739665844,14,1.439747862546222,tracking,0.19998123334317836,0.0012318288007458387
24.13,6.447074523814993,4.994960300199321,6.399349454873034,4.995565337288427,0.04772890398274295,0.2,0.00020346261073086346,14,1.447747159567353,tracking,0.19998696319017054,0.0010744767432753308
24.19,6.459073161195346,4.9949262491149184,6.499349094882355,4.995297012846606,0.0402776402003031,0.2,0.0001885720523525603,15,1.45974584526461,tracking,0.19999847505876836,0.0007981879796913416
24.25,6.471071409480633,4.994894261729744,6.499349094882355,4.995297012846606,0.028280553391701938,0.2,0.00018292663577681846,15,1.471744136189079,tracking,0.20001223313399133,0.00046658932978440253
24.29,6.479069990557392,4.9948740828680185,6.499349094882355,4.995297012846606,0.020283514044403952,0.2,0.00018120439542685445,15,1.4797427427194658,tracking,0.2000223100503854,0.00023477875010304903
24.35,6.491067463161388,4.994845417669353,6.499349094882355,4.995297012846606,0.008293935264146336,0.2,0.00018451627674747627,15,1.4917402495678593,tracking,0.20003755938836573,-0.00011174004577036177
24.41,6.503064459959161,4.99481839849695,6.499349094882355,4.995297012846606,0.0037460658496141696,0.2,0.00019568167093560705,15,1.5037372767913617,tracking,0.20005179272901455,-0.00042032349949683106
24.45,6.5110622220268555,4.994801071325643,6.499349094882355,4.995297012846606,0.01172362168851637,0.2,0.00020666664122678688,15,1.5117350576287143,tracking,0.20006004770396263,-0.0005971116239192075
24.51,6.523058573423805,4.99477565523028,6.499349094882355,4.995297012846606,0.023715210023771444,0.2,0.00022717034629504744,15,1.523731435949566,tracking,0.200068842871247,-0.0007727581858037313
24.57,6.535054694773665,4.9947502969020015,6.499349094882355,4.995297012846606,0.035709785240496845,0.2,0.00024249169996485692,15,1.5357275841015927,tracking,0.20007271233338475,-0.0008469603079140103
24.61,6.543052055494024,4.99473305991898,6.499349094882355,4.995297012846606,0.04370659914852299,0.2,0.00026622743646093994,15,1.5437249633976573,tracking,0.20007270228020832,-0.0008217654253392622
24.67,6.555048129139196,4.994706222835228,6.599348734891677,4.995028688404786,0.044301779355690546,0.2,0.00028145433318791345,16,1.5557210670621588,tracking,0.20006797160217027,-0.0007023885412678307
24.73,6.567044371013104,4.994677747436348,6.599348734891677,4.995028688404786,0.03230627005958139,0.2,0.0003019164392819688,16,1.5677173427319504,tracking,0.20005911619341454,-0.000482530730297884
24.77,6.575042026778186,4.994657683845921,6.599348734891677,4.995028688404786,0.024309539355923115,0.2,0.00031320864696120915,16,1.575715023663596,tracking,0.20005131674180204,-0.00029405002833721763
24.83,6.587038828523578,4.994625849508993,6.599348734891677,4.995028688404786,0.012316496010120987,0.2,0.0003257915670458378,16,1.5877118676462134,tracking,0.20003745213541113,3.231306948597134e-05
24.87,6.5950369416924115,4.994603470010675,6.599348734891677,4.995028688404786,0.0043327094612868634,0.2,0.00033094973108015673,16,1.5957100121249914,tracking,0.20002736520334102,0.00026717134194082756
24.93,6.607034511233045,4.994568291598506,6.599348734891677,4.995028688404786,0.007699553440866437,0.2,0.00033367771385475227,16,1.6077076332393214,tracking,0.2000117232913252,0.0006233121858089443
24.99,6.619032546047926,4.9945314915022685,6.599348734891677,4.995028688404786,0.019690089547656362,0.2,0.0003322487480041337,16,1.6197057244902737,tracking,0.1999967776259758,0.0009555104420213522
25.03,6.627031467429794,4.994506304404486,6.599348734891677,4.995028688404786,0.027687660894714115,0.2,0.0003256961519748965,16,1.6277046855267587,tracking,0.19998800080143447,0.0011420714281718525
25.09,6.639030122211151,4.99446801808737,6.599348734891677,4.995028688404786,0.03968534806201091,0.2,0.0003060191871038478,16,1.6397034013915615,tracking,0.1999779443606756,0.0013530618246276388
25.15,6.651028990428764,4.994429766133847,6.699348374900999,4.994760363962965,0.0483205154225434,0.2,0.0002964855763708037,17,1.6517023305819343,tracking,0.1999721979902338,0.0014476437656721513
25.19,6.659028285657608,4.994404640219775,6.699348374900999,4.994760363962965,0.04032165839814216,0.2,0.0002820473480652871,17,1.6597016652711296,tracking,0.19997237916288021,0.00144451764663139
25.25,6.671027196299907,4.9943679876599525,6.699348374900999,4.994760363962965,0.028323896563116582,0.2,0.00027308354456889185,17,1.6717006318938021,tracking,0.19997624106735148,0.0013415744149052205
25.31,6.683025953646299,4.994333022030347,6.699348374900999,4.994760363962965,0.016328014476453108,0.2,0.0002616284468401217,17,1.6836994401868306,tracking,0.19998462394950503,0.001134087766649999
25.35,6.6910249847917145,4.994310817508592,6.699348374900999,4.994760363962965,0.008335521274999596,0.2,0.0002557664471479483,17,1.6916985021509687,tracking,0.1999925850856147,0.0009608421981856838
25.41,6.703023260614426,4.994279307332066,6.699348374900999,4.994760363962965,0.0037062380507575637,0.2,0.00025007086004815826,17,1.7036968193500217,tracking,0.20000649871618995,0.0006439253332112725
25.47,6.715021148032709,4.994249975816411,6.699348374900999,4.994760363962965,0.015681081394412745,0.2,0.0002484498913469448,17,1.7156947426219717,tracking,0.2000221855939191,0.000298385187328837
25.51,6.723019500500252,4.9942315758996765,6.699348374900999,4.994760363962965,0.02367703114732687,0.2,0.00024922465597802254,17,1.7236931162536537,tracking,0.20003281269514653,6.450036199069833e-05
25.57,6.735016666491825,4.994205498000804,6.699348374900999,4.994760363962965,0.0356726071551293,0.2,0.000251711828325035,17,1.7356903105875876,tracking,0.20004814815822483,-0.0002702096703226726
25.63,6.747013430308657,4.994180837446464,6.699348374900999,4.994760363962965,0.04766857830897062,0.2,0.0002579498238911573,17,1.7476870997505174,tracking,0.20006116560788878,-0.0005507353751179905
25.67,6.75501108481123,4.994164879859821,6.79934801491032,4.994492039521145,0.04433813712883797,0.2,0.0002664160708773353,18,1.7556847701730274,tracking,0.20006779381462883,-0.0006880218700174918
25.73,6.767007361166086,4.994141116443742,6.79934801491032,4.994492039521145,0.03234255759229181,0.2,0.00027278234781594266,18,1.7676810700643284,tracking,0.20007350589010806,-0.000810168575502432
25.79,6.779003508143672,4.99411686374947,6.79934801491032,4.994492039521145,0.020347965805894055,0.2,0.00028268065055265574,18,1.7796772415578106,tracking,0.2000738510003324,-0.0008107992539599336
25.83,6.787000938458872,4.994100066555956,6.79934801491032,4.994492039521145,0.012353296713968277,0.2,0.0002890666160720405,18,1.787674689512764,tracking,0.20007115394347877,-0.000746614760686074
25.89,6.798997192271977,4.994073506028075,6.79934801491032,4.994492039521145,0.0005461197747706115,0.2,0.0002977848798159226,18,1.7996709727292468,tracking,0.20006332678199865,-0.000565659273156932
25.95,6.810993694952705,4.994044971301047,6.79934801491032,4.994492039521145,0.011654258176435756,0.2,0.0003027602583987843,18,1.8116675093460943,tracking,0.20005182118964934,-0.0003042364255214237
25.99,6.818991558916572,4.9940247580552946,6.79934801491032,4.994492039521145,0.019649101075975003,0.2,0.00031175677013629306,18,1.8196653988526972,tracking,0.2000426943825287,-9.29554827188058e-05
26.05,6.830988715479842,4.993992649661739,6.79934801491032,4.994492039521145,0.03164464129614707,0.2,0.0003148086456265469,18,1.831662598382277,tracking,0.20002771725545257,0.00025027923838540534
26.09,6.838987082769379,4.993970122973863,6.79934801491032,4.994492039521145,0.039642503674937234,0.2,0.00031600205829717244,18,1.8396609973939546,tracking,0.20001732352585969,0.0004892205426851551
26.15,6.850985036451001,4.9939348847854825,6.899347654919643,4.994223715079324,0.04836348093429627,0.2,0.0003168384704949574,19,1.8516590028230357,tracking,0.200002188673328,0.0008331711667106491
26.21,6.862983438202166,4.993898343934918,6.899347654919643,4.994223715079324,0.036365672327859186,0.2,0.00031697098098643783,19,1.8636574602162226,tracking,0.19998901212020498,0.001130485432132305
26.25,6.870982579438963,4.993873566749807,6.899347654919643,4.994223715079324,0.028367236574564438,0.2,0.0003169240908926781,19,1.8716566398263534,tracking,0.19998207336251914,0.001284488176552888
26.31,6.8829815067892985,4.99383630850051,6.899347654919643,4.994223715079324,0.01637073268005049,0.2,0.0003169471750297279,19,1.8836556250224343,tracking,0.19997550238576142,0.0014280250604057471
26.37,6.894980559291556,4.993799590666814,6.899347654919643,4.994223715079324,0.004387642389956496,0.2,0.0003173681698220919,19,1.895654733703967,tracking,0.19997416944210367,0.0014541305891265697
26.41,6.902979920538103,4.993775742029995,6.899347654919643,4.994223715079324,0.003659785974066343,0.2,0.00031802112600535956,19,1.9036541305006163,tracking,0.19997620270719402,0.0014068006892987424
26.47,6.914939519209998,4.993741407498085,6.899347654919643,4.994223715079324,0.01559932218565219,0.0,0.0,19,1.915613778457512,stopped,0.19528259507400197,0.0011860307246736282
26.53,6.926122861110867,4.99370974017871,6.899347654919643,4.994223715079324,0.02678013884917442,0.0,0.0,19,1.926797165193687,stopped,0.17734763421456276,0.0017118829499129854
26.57,6.932979744484573,4.993690460783919,6.899347654919643,4.994223715079324,0.033636316811551645,0.0,0.0,19,1.9336540756711298,stopped,0.16535090536676778,0.0016416695060334698
26.63,6.94236501872757,4.993665251943625,6.899347654919643,4.994223715079324,0.04302098871548093,0.0,0.0,19,1.94303938376953,stopped,0.14736488267014902,0.0013767092315961264
26.69,6.95067016922521,4.9936442225002775,6.999347294928963,4.993955390637503,0.048678120263508304,0.0,0.0,20,1.9513445608914184,stopped,0.12937676198935297,0.0011509512265078855
26.73,6.955606875485116,4.9936321319523485,6.999347294928963,4.993955390637503,0.0437416139311437,0.0,0.0,20,1.9562812819568565,stopped,0.11738160721732468,0.0010591114111205841
26.79,6.962111880276057,4.99361630731847,6.999347294928963,4.993955390637503,0.037236958547538994,0.0,0.0,20,1.9627863059959512,stopped,0.09938460597252739,0.0010028298408065021
26.85,6.967536858742618,4.993602716494278,6.999347294928963,4.993955390637503,0.03181239113013706,0.0,0.0,20,1.9682113014865632,stopped,0.0813840168980416,0.0010151853675217399
26.89,6.970553511620202,4.993594682726554,6.999347294928963,4.993955390637503,0.02879604256541026,0.0,0.0,20,1.9712279650616504,stopped,0.06938252637206002,0.0010447213052729902
26.95,6.9741785035177575,4.993583965255124,6.999347294928963,4.993955390637503,0.025171531894492647,0.0,0.0,20,1.974852972802544,stopped,0.05137976707789848,0.0011003762821510795
27.01,6.976723513636248,4.993574687427746,6.999347294928963,4.993955390637503,0.022626984220495062,0.0,0.0,20,1.9773979998321254,stopped,0.03337745461050903,0.001152028771279461
27.05,6.977820194840877,4.993569240656928,6.999347294928963,4.993955390637503,0.02153056316053938,0.0,0.0,20,1.978494694562622,stopped,0.021376832103853723,0.0011776015262108352
27.11,6.978565220377219,4.993562113554011,6.999347294928963,4.993955390637503,0.02078579537902373,0.0,0.0,20,1.9792397541880198,stopped,0.003387554804004032,0.0011964739312868556
27.15,6.97858930081921,4.993557816754364,6.999347294928963,4.993955390637503,0.020761801088853254,0.0,0.0,20,1.9792642149765123,stopped,0.0002896518981265721,0.0007966093185403999
27.21,6.978587883420351,4.993552815000741,6.999347294928963,4.993955390637503,0.020763314603579292,0.0,0.0,20,1.9792694136839313,stopped,0.0002660955526289633,0.0001922552822212421
27.27,6.978585646624553,4.993549056609929,6.999347294928963,4.993955390637503,0.020765624181757515,0.0,0.0,20,1.9792737873273711,stopped,0.0002601182053588965,6.46816327459411e-05
27.31,6.978584071596525,4.99354674605804,6.999347294928963,4.993955390637503,0.020767244245326336,0.0,0.0,20,1.9792765836398218,stopped,0.0002589782587620085,3.9704079066632335e-05
27.37,6.978581671867426,4.993543362160529,6.999347294928963,4.993955390637503,0.02076971036388547,0.0,0.0,20,1.9792807320686945,stopped,0.0002584283922929735,2.7691541310445818e-05
27.43,6.978579258859477,4.993540007736347,6.999347294928963,4.993955390637503,0.020772189704941112,0.0,0.0,20,1.9792848642314398,stopped,0.00025829122831964635,2.4766069903533574e-05
27.47,6.97857764818124,4.993537775998415,6.999347294928963,4.993955390637503,0.020773844805716604,0.0,0.0,20,1.979287616492071,stopped,0.0002582616717551846,2.4178753814912934e-05
27.53,6.978575231300052,4.99353443048742,6.999347294928963,4.993955390637503,0.020776328714464616,0.0,0.0,20,1.9792917436894844,stopped,0.000258243343214575,2.387119356950918e-05
27.59,6.978572814087771,4.9935310859403605,6.999347294928963,4.993955390637503,0.02077881345739147,0.0,0.0,20,1.979295870299503,stopped,0.0002582342934933579,2.3768354980324815e-05
27.63,6.978571202550181,4.993528856511415,6.999347294928963,4.993955390637503,0.02078047030007799,0.0,0.0,20,1.979298621191509,stopped,0.0002582296516226494,2.373049574052245e-05
27.69,6.978568785197972,4.993525512665345,6.999347294928963,4.993955390637503,0.02078295603882806,0.0,0.0,20,1.9793027473153855,stopped,0.00025822327265941504,2.3686607109959744e-05
27.75,6.978566367806455,4.993522169141238,6.999347294928963,4.993955390637503,0.02078544233197385,0.0,0.0,20,1.9793068732013743,stopped,0.0002582171007351737,2.364730651561051e-05
27.79,6.978564756192869,4.993519940298092,6.999347294928963,4.993955390637503,0.02078710016609727,0.0,0.0,20,1.9793096236631762,stopped,0.0002582130163373914,2.362178252095458e-05
27.85,6.978562338744492,4.993516597290436,6.999347294928963,4.993955390637503,0.020789587374255715,0.0,0.0,20,1.9793137491639747,stopped,0.00025820690081888284,2.358376614703699e-05
27.91,6.978559921262612,4.993513254590583,6.999347294928963,4.993955390637503,0.02079207513040752,0.0,0.0,20,1.97931787443499,stopped,0.00025820078758923145,2.3545826256382174e-05
27.95,6.978558309589325,4.9935110262949385,6.999347294928963,4.993955390637503,0.020793733938872624,0.0,0.0,20,1.9793206244881283,stopped,0.0002581967119849359,2.352053282030645e-05
28.01,6.978555892051143,4.993507684107889,6.999347294928963,4.993955390637503,0.02079622260807191,0.0,0.0,20,1.9793247493766284,stopped,0.00025819059619380016,2.3482577524731688e-05
28.07,6.97855347447879,4.993504342228625,6.999347294928963,4.993955390637503,0.020798711825043004,0.0,0.0,20,1.9793288740357775,stopped,0.00025818447844686547,2.344459653863124e-05
28.11,6.978551862744757,4.993502114480167,6.999347294928963,4.993955390637503,0.020800371607323117,0.0,0.0,20,1.9793316236811702,stopped,0.00025818039886682867,2.34192617541966e-05
28.17,6.978549445114783,4.993498773114131,6.999347294928963,4.993955390637503,0.020802861737170504,0.0,0.0,20,1.9793357479582798,stopped,0.00025817427746740773,2.3381236068773957e-05
28.21,6.978547833342051,4.993496545707926,6.999347294928963,4.993955390637503,0.020804522128009286,0.0,0.0,20,1.979338497349074,stopped,0.00025817019525650796,2.3355870241740404e-05
28.27,6.978545415653606,4.993493204855433,6.999347294928963,4.993955390637503,0.02080701317065178,0.0,0.0,20,1.979342621244417,stopped,0.00025816406996960787,2.3317799670034862e-05
28.33,6.978542997929665,4.993489864311222,6.999347294928963,4.993955390637503,0.020809504760937115,0.0,0.0,20,1.9793467449108293,stopped,0.00025815794201956323,2.3279701251287312e-05
28.37,6.978541386093838,4.993487637453074,6.999347294928963,4.993955390637503,0.020811166125354424,0.0,0.0,20,1.9793494938946314,stopped,0.00025815385618424905,2.3254286309489505e-05
28.43,6.9785389683100645,4.993484297422922,6.999347294928963,4.993955390637503,0.020813658628304508,0.0,0.0,20,1.9793536171797042,stopped,0.00025814772477783174,2.321614285006332e-05
28.49,6.978536550489978,4.993480957701357,6.999347294928963,4.993955390637503,0.020816151678820227,0.0,0.0,20,1.979357740236107,stopped,0.0002581415913396448,2.31779714175334e-05
28.53,6.978534938589593,4.993478731391808,6.999347294928963,4.993955390637503,0.020817814016688085,0.0,0.0,20,1.9793604888133862,stopped,0.0002581375010175636,2.3152508396751114e-05
28.59,6.978532520708302,4.993475392184813,6.999347294928963,4.993955390637503,0.020820307979751373,0.0,0.0,20,1.9793646114888885,stopped,0.0002581313636797558,2.3114292661139608e-05
28.65,6.978530102789873,4.99347205328671,6.999347294928963,4.993955390637503,0.020822802490310554,0.0,0.0,20,1.979368733935986,stopped,0.00025812522420035994,2.3076048320427945e-05
28.69,6.97852849082347,4.993469827526304,6.999347294928963,4.993955390637503,0.0208244658015007,0.0,0.0,20,1.9793714821072088,stopped,0.0002581211297865943,2.3050537769505882e-05
28.75,6.978526072842461,4.993466489143273,6.999347294928963,4.993955390637503,0.020826961224491975,0.0,0.0,20,1.9793756041738524,stopped,0.0002581149864748039,2.3012248705795053e-05
28.81,6.978523654823492,4.993463151069444,6.999347294928963,4.993955390637503,0.020829457194908817,0.0,0.0,20,1.9793797260123527,stopped,0.00025810884102263777,2.297393251130382e-05
28.85,6.978522042789604,4.993460925858723,6.999347294928963,4.993955390637503,0.020831121479299938,0.0,0.0,20,1.9793824737779928,stopped,0.0002581047428015474,2.294837314425101e-05
28.91,6.978519624706679,4.993457588300469,6.999347294928963,4.993955390637503,0.0208336183620367,0.0,0.0,20,1.9793865952364882,stopped,0.00025809859367756686,2.2910011112442478e-05
28.97,6.978517206584959,4.993454251051716,6.999347294928963,4.993955390637503,0.02083611579213996,0.0,0.0,20,1.9793907164671163,stopped,0.0002580924422337703,2.2871621955628108e-05
29.01,6.978515594482114,4.993452026391211,6.999347294928963,4.993955390637503,0.02083778104961523,0.0,0.0,20,1.9793934638276576,stopped,0.0002580883400188359,2.2846014637174442e-05
29.07,6.978513176295058,4.993448689658538,6.999347294928963,4.993955390637503,0.02084027939193039,0.0,0.0,20,1.979397584678731,stopped,0.00025808218475897865,2.2807581114709033e-05
29.13,6.97851075806838,4.993445353235662,6.999347294928963,4.993955390637503,0.020842778281547226,0.0,0.0,20,1.9794017053022124,stopped,0.0002580760277011641,2.2769119994340834e-05
29.17,6.978509145895096,4.993443129125913,6.999347294928963,4.993955390637503,0.02084444451200188,0.0,0.0,20,1.9794044522581413,stopped,0.00025807192135120666,2.274346434027864e-05
29.23,6.97850672760169,4.99343979321962,6.999347294928963,4.993955390637503,0.020846944313733917,0.0,0.0,20,1.9794085725025259,stopped,0.00025806576043995935,2.2704958086993423e-05
29.27,6.978505115383633,4.99343756945436,6.999347294928963,4.993955390637503,0.020848611152244897,0.0,0.0,20,1.979411319205822,stopped,0.00025806165180323646,2.267927288950625e-05
29.33,6.978502697022632,4.993434234064956,6.999347294928963,4.993955390637503,0.020851111866030725,0.0,0.0,20,1.9794154390714034,stopped,0.00025805548717048064,2.2640721105449455e-05
29.39,6.978500278620658,4.99343089898583,6.999347294928963,4.993955390637503,0.02085361312702039,0.0,0.0,20,1.9794195587098447,stopped,0.000258049320213135,2.260214331984632e-05
29.43,6.978498666329755,4.993428675772183,6.999347294928963,4.993955390637503,0.020855280938339632,0.0,0.0,20,1.979422305009332,stopped,0.00025804520788463625,2.257640898778167e-05
29.49,6.9784962478587875,4.993425341210443,6.999347294928963,4.993955390637503,0.020857783111294683,0.0,0.0,20,1.9794264242694375,stopped,0.00025803903724811285,2.2537786438507623e-05
29.55,6.978493829346006,4.993422006959279,6.999347294928963,4.993955390637503,0.020860285831401315,0.0,0.0,20,1.9794305433026855,stopped,0.0002580328645134351,2.249913627472528e-05
29.59,6.97849221698077,4.993419784297768,6.999347294928963,4.993955390637503,0.020861954615432474,0.0,0.0,20,1.9794332891988682,stopped,0.0002580287482137461,2.2473354363279226e-05
29.65,6.978489798397603,4.99341645056448,6.999347294928963,4.993955390637503,0.02086445824741253,0.0,0.0,20,1.9794374078542527,stopped,0.0002580225718900331,2.24346589110294e-05
29.71,6.978487379771782,4.9934131171420635,6.999347294928963,4.993955390637503,0.020866962426492303,0.0,0.0,20,1.979441526283063,stopped,0.0002580163932475146,2.239593670223508e-05
29.75,6.9784857673307155,4.9934108950332154,6.999347294928963,4.993955390637503,0.020868632183148526,0.0,0.0,20,1.9794442717764478,stopped,0.00025801227301857586,2.237010784834669e-05
29.81,6.9784833486331035,4.993407562129164,6.999347294928963,4.993955390637503,0.020871137274021966,0.0,0.0,20,1.9794483898278745,stopped,0.000258006091012631,2.2331340401699965e-05
29.87,6.978480929891994,4.9934042295362735,6.999347294928963,4.993955390637503,0.020873642911949188,0.0,0.0,20,1.97945250765302,stopped,0.00025799990673513415,2.2292547908120935e-05
29.91,6.978479317373601,4.9934020079806025,6.999347294928963,4.993955390637503,0.020875313641141997,0.0,0.0,20,1.9794552527441234,stopped,0.0002579957829261497,2.2266670098765332e-05
29.97,6.978476898559293,4.993398675906556,6.999347294928963,4.993955390637503,0.020877820190785854,0.0,0.0,20,1.9794593701923757,stopped,0.0002579895948569433,2.222783190696507e-05
30.03,6.978474479700647,4.993395344143965,6.999347294928963,4.993955390637503,0.020880327287434237,0.0,0.0,20,1.9794634874146324,stopped,0.00025798340495098744,2.2188966075223242e-05
30.07,6.978472867103426,4.993393123141994,6.999347294928963,4.993955390637503,0.020881998989082756,0.0,0.0,20,1.9794662321039687,stopped,0.0002579792769892115,2.2163041317792017e-05
30.13,6.978470448170173,4.993389791898736,6.999347294928963,4.993955390637503,0.0208845069973729,0.0,0.0,20,1.9794703489498153,stopped,0.0002579730835146154,2.2124131224170016e-05
